cykl,σ_max [MPa],ε_max [%],pole histerezy [mJ/mm³],pole histerezy [kJ/m³],W obciążania [mJ/mm³],W odciążania [mJ/mm³],dyssypacja [%],praca pętli [N·mm]
1,0.60469,90.07846,0.16569,165.69351,0.15513,-0.01057,106.81097,97.02077
2,0.68668,90.06718,0.0799,79.89629,0.09317,0.01327,85.75612,46.78276
3,0.66297,90.08227,0.06749,67.48669,0.08141,0.01392,82.89951,39.5164
4,0.62504,90.07466,0.05288,52.88163,0.06622,0.01334,79.86037,30.9645
5,0.61936,90.08975,0.05052,50.51817,0.06359,0.01308,79.43883,29.58059
6,0.61731,90.07846,0.04717,47.17198,0.05983,0.01266,78.84719,27.62125
